user	instance_id	displayed_text	how-causal-is-the-finding:::Causation	how-causal-is-the-finding:::No mention of a relation	how-causal-is-the-finding:::Explicitly states: no relation	how-causal-is-the-finding:::Correlation	How satisfied do you feel about your experience participating in our study?:::scale_4	How satisfied do you feel about your experience participating in our study?:::scale_5	How satisfied do you feel about your experience participating in our study?:::scale_3	Compared to other studies you've participated in, how do you rate the difficulty of this task?:::scale_1	Compared to other studies you've participated in, how do you rate the difficulty of this task?:::scale_4	Compared to other studies you've participated in, how do you rate the difficulty of this task?:::scale_2	How confident are you that you performed well in the task?:::scale_1	How confident are you that you performed well in the task?:::scale_4	How confident are you that you performed well in the task?:::scale_2	How confident are you that you performed well in the task?:::scale_3	I have read and understood the instructions.:::Yes	I have read and understood the content warning.:::Yes	I want to participate in this research and continue with the study.:::Yes	I carefully went over the examples and the instructions.:::Yes	span_annotation:::Causation	span_annotation:::Explicit mentions of no relation	span_annotation:::Correlation
610cce8481877ceb0f349b2c	Psychology_tweet_136_p	"<span id=""hover_text_paper"" data-toggle=""tooltip"" data-html=""true"" data-placement=""bottom"" title=""Context: As predicted (2c) people most often selected music with a high aesthetic value selection strategy when they aimed for distraction. We argue that the more beautiful music is, the easier it is for the listener to concentrate on the music. Moreover, these findings are in line with findings that stimulus that is perceived to have high aesthetic value will generate sensory pleasure and inhibit displeasure Menon & Levitin, 2005) .""><b>Finding:</b></span> We argue that the more beautiful music is, the easier it is for the listener to concentrate on the music."				2															[]	[]	[]
610cce8481877ceb0f349b2c	test_question_testing_Causation	<b>Reported Finding:</b> Exposure to traffic noise at the office increases stress levels. This is a test question, please select Causation. Do not mark any words or phrases.	3																		[]	[]	[]
610cce8481877ceb0f349b2c	test_question_testing_Explicitly states: no relation	<b>Reported Finding:</b> Exposure to traffic noise at the office increases stress levels. This is a test question, please select Explicitly states: no relation. Do not mark any words or phrases.	3																		[]	[]	[]
610cce8481877ceb0f349b2c	Psychology_20_r	"<span id=""hover_text_news"" data-toggle=""tooltip"" data-html=""true"" data-placement=""bottom"" title=""Context: Depression and sleeplessness go hand in hand.A petitefox/Flickr

aAn important part of the research was that we showed that in a population from the US, available because of the Human Connectome Project, the orbitofrontal cortex had increased functional connectivity with the other brain regions in people with depressive problems,a co-author and fellow University of Warwick professor Edmund Rolls, Ph.D. tells Inverse, referring to the large-scale effort to map the complete structural and functional neural connections within the human brain. A total of 162 functional connectivity neural links involved in the areas of the brain associated with sleep were identified from these scans. While anyone whoas experienced the difficulty of depression or insomnia may not be surprised that theyare connected, this study marks the first time scientists can definitively say there are neural mechanisms underlying the relationship between the two.""><b>Finding:</b></span> A total of 162 functional connectivity neural links involved in the areas of the brain associated with sleep were identified from these scans."		1																	[]	[]	[]
610cce8481877ceb0f349b2c	Psychology_48_p	"<span id=""hover_text_paper"" data-toggle=""tooltip"" data-html=""true"" data-placement=""bottom"" title=""Context: Ritual circumcision among Danish boys is linked to an overall 46-62% increase in ASD risk in the first 10 years of life, with the upper risk estimate obtained after restriction to the period with the most complete data. More strikingly, risk was 80-83% increased in the first 0-4 years of life, an increase that was restricted to infantile autism. To our knowledge, there is no prior evidence to suggest a link between circumcision and hyperactivity disorder, so our finding of an increased risk of this common neurobehavioral disorder among circumcised boys in non-Muslim families was unexpected and needs cautious interpretation.""><b>Finding:</b></span> More strikingly, risk was 80-83% increased in the first 0-4 years of life, an increase that was restricted to infantile autism."				2															[]	[]	[]
610cce8481877ceb0f349b2c	Experience.html	Experience					4					2				3					[]	[]	[]
610cce8481877ceb0f349b2c	Psychology_tweet_38_r	"<span id=""hover_text_news"" data-toggle=""tooltip"" data-html=""true"" data-placement=""bottom"" title=""Context: Lag in maturation of the brain’s intrinsic functional architecture in ADHD disorder  ""><b>Finding:</b></span> Lag in maturation of the brain’s intrinsic functional architecture in ADHD disorder  "				2															[]	[]	[]
610cce8481877ceb0f349b2c	Psychology_20_p	"<span id=""hover_text_paper"" data-toggle=""tooltip"" data-html=""true"" data-placement=""bottom"" title=""Context: The Depressive Problems score was positively correlated with poor sleep quality (r = 0.371; P < .001). A total of 162 functional connectivity links involving areas associated with sleep, such as the precuneus, anterior cingulate cortex, and the lateral orbitofrontal cortex, were identified. Of these links, 39 were also associated with the Depressive Problems scores.""><b>Finding:</b></span> A total of 162 functional connectivity links involving areas associated with sleep, such as the precuneus, anterior cingulate cortex, and the lateral orbitofrontal cortex, were identified."		1																	[]	[]	[]
610cce8481877ceb0f349b2c	Psychology_48_r	"<span id=""hover_text_news"" data-toggle=""tooltip"" data-html=""true"" data-placement=""bottom"" title=""Context: Regardless of background, the team explains, ""circumcised boys were more likely than intact boys to develop ASD before age 10 years."" What's more, ""risk was particularly high for infantile autism before age 5 years."" That number may be so low due to overwhelming beliefs that the practice equates to genital mutilation, while stateside it may be considered more comparable to dental braces.""><b>Finding:</b></span> What's more, ""risk was particularly high for infantile autism before age 5 years."""		1																	[]	[]	[]
610cce8481877ceb0f349b2c	Psychology_tweet_38_p	"<span id=""hover_text_paper"" data-toggle=""tooltip"" data-html=""true"" data-placement=""bottom"" title=""Context: We found prominent maturational lag in DMN interconnections with VAN, with a concentration of lagged connections involving anterior insula, a key hub in VAN. These observations suggest that lagged maturation in anterior insula could contribute to several forms of inattention in ADHD. There was also a lag in ADHD in integration of interconnections linking DMN and FPN (Fig.""><b>Finding:</b></span> These observations suggest that lagged maturation in anterior insula could contribute to several forms of inattention in ADHD."	3																		[]	[]	[]
610cce8481877ceb0f349b2c	Psychology_tweet_111_r	"<span id=""hover_text_news"" data-toggle=""tooltip"" data-html=""true"" data-placement=""bottom"" title=""Context: ""Pretreatment with CBD significantly reduced anxiety, cognitive impairment and discomfort in their speech... ""><b>Finding:</b></span> ""Pretreatment with CBD significantly reduced anxiety, cognitive impairment and discomfort in their speech... "	3																		[]	[]	[]
610cce8481877ceb0f349b2c	Psychology_172_r	"<span id=""hover_text_news"" data-toggle=""tooltip"" data-html=""true"" data-placement=""bottom"" title=""Context: Support from one's partner can help -- but only if the smokers have developed skills of their own that help them to stop. Self-efficacy and support

The result: support from their partners is helpful to smokers who wish to stop and it increases their chances of success, provided that they have developed skills of their own that help them to abstain. Such support could involve their partner reminding them of their plan to quit as well as encouraging and supporting them in critical situations.""><b>Finding:</b></span> Self-efficacy and support

The result: support from their partners is helpful to smokers who wish to stop and it increases their chances of success, provided that they have developed skills of their own that help them to abstain."	3																		[]	[]	[]
610cce8481877ceb0f349b2c	Psychology_tweet_111_p	"<span id=""hover_text_paper"" data-toggle=""tooltip"" data-html=""true"" data-placement=""bottom"" title=""Context: Pretreatment with CBD significantly reduced anxiety, cognitive impairment and discomfort in their speech performance, and significantly decreased alert in their anticipatory speech. The placebo group presented higher anxiety, cognitive impairment, discomfort, and alert levels when compared with the control group as assessed with the VAMS. The SSPS-N scores evidenced significant increases during the testing of placebo group that was almost abolished in the CBD group.""><b>Finding:</b></span> The placebo group presented higher anxiety, cognitive impairment, discomfort, and alert levels when compared with the control group as assessed with the VAMS."				2															[]	[]	[]
610cce8481877ceb0f349b2c	Consent.html	Consent															I have read and understood the instructions.:::Yes	I have read and understood the content warning.:::Yes	I want to participate in this research and continue with the study.:::Yes		[]	[]	[]
610cce8481877ceb0f349b2c	Psychology_172_p	"<span id=""hover_text_paper"" data-toggle=""tooltip"" data-html=""true"" data-placement=""bottom"" title=""Context: On average, 29 days (range 21-58days) after the quit date, the respondents returned to the lab for the second assessment (T2). The rationale for examining potential joint effects of smoking-specific received social support and individual self-regulation before the quit date and post-quit date smoking cessation in the short-term rather than a longer-term ( 6 months) perspective lies in the chosen constructs. In contrast to perceived social support, received social support is not assumed to be stable over time, but a measure of retrospective support transactions from the partner.""><b>Finding:</b></span> The rationale for examining potential joint effects of smoking-specific received social support and individual self-regulation before the quit date and post-quit date smoking cessation in the short-term rather than a longer-term ( 6 months) perspective lies in the chosen constructs."		1																	[]	[]	[]
610cce8481877ceb0f349b2c	Psychology_tweet_136_r	"<span id=""hover_text_news"" data-toggle=""tooltip"" data-html=""true"" data-placement=""bottom"" title=""Context: Music can lift you out of a funk, if you can truly immerse yourself in its beauty  via ""><b>Finding:</b></span> Music can lift you out of a funk, if you can truly immerse yourself in its beauty  via "	3																		[]	[]	[]
610cce8481877ceb0f349b2c	Causality Examples.html	Causality Examples																		I carefully went over the examples and the instructions.:::Yes	[]	[]	[]
5c4481b0d706ed00019540cc	test_question_testing_No mention of a relation	<b>Reported Finding:</b> Exposure to traffic noise at the office increases stress levels. This is a test question, please select No mention of a relation. Do not mark any words or phrases.		1																	[]	[]	[]
5c4481b0d706ed00019540cc	Psychology_tweet_136_p	"<span id=""hover_text_paper"" data-toggle=""tooltip"" data-html=""true"" data-placement=""bottom"" title=""Context: As predicted (2c) people most often selected music with a high aesthetic value selection strategy when they aimed for distraction. We argue that the more beautiful music is, the easier it is for the listener to concentrate on the music. Moreover, these findings are in line with findings that stimulus that is perceived to have high aesthetic value will generate sensory pleasure and inhibit displeasure Menon & Levitin, 2005) .""><b>Finding:</b></span> We argue that the more beautiful music is, the easier it is for the listener to concentrate on the music."				2															[]	[]	[{'start': 662, 'end': 668, 'span': 'easier', 'annotation': 'Correlation'}]
5c4481b0d706ed00019540cc	test_question_testing_Explicitly states: no relation	<b>Reported Finding:</b> Exposure to traffic noise at the office increases stress levels. This is a test question, please select Explicitly states: no relation. Do not mark any words or phrases.		1																	[]	[]	[]
5c4481b0d706ed00019540cc	Psychology_20_r	"<span id=""hover_text_news"" data-toggle=""tooltip"" data-html=""true"" data-placement=""bottom"" title=""Context: Depression and sleeplessness go hand in hand.A petitefox/Flickr

aAn important part of the research was that we showed that in a population from the US, available because of the Human Connectome Project, the orbitofrontal cortex had increased functional connectivity with the other brain regions in people with depressive problems,a co-author and fellow University of Warwick professor Edmund Rolls, Ph.D. tells Inverse, referring to the large-scale effort to map the complete structural and functional neural connections within the human brain. A total of 162 functional connectivity neural links involved in the areas of the brain associated with sleep were identified from these scans. While anyone whoas experienced the difficulty of depression or insomnia may not be surprised that theyare connected, this study marks the first time scientists can definitively say there are neural mechanisms underlying the relationship between the two.""><b>Finding:</b></span> A total of 162 functional connectivity neural links involved in the areas of the brain associated with sleep were identified from these scans."		1																	[]	[]	[]
5c4481b0d706ed00019540cc	Psychology_48_p	"<span id=""hover_text_paper"" data-toggle=""tooltip"" data-html=""true"" data-placement=""bottom"" title=""Context: Ritual circumcision among Danish boys is linked to an overall 46-62% increase in ASD risk in the first 10 years of life, with the upper risk estimate obtained after restriction to the period with the most complete data. More strikingly, risk was 80-83% increased in the first 0-4 years of life, an increase that was restricted to infantile autism. To our knowledge, there is no prior evidence to suggest a link between circumcision and hyperactivity disorder, so our finding of an increased risk of this common neurobehavioral disorder among circumcised boys in non-Muslim families was unexpected and needs cautious interpretation.""><b>Finding:</b></span> More strikingly, risk was 80-83% increased in the first 0-4 years of life, an increase that was restricted to infantile autism."	3																		[{'start': 847, 'end': 856, 'span': 'increased', 'annotation': 'Causation'}]	[]	[]
5c4481b0d706ed00019540cc	Experience.html	Experience						5		1						3					[]	[]	[]
5c4481b0d706ed00019540cc	Psychology_tweet_38_r	"<span id=""hover_text_news"" data-toggle=""tooltip"" data-html=""true"" data-placement=""bottom"" title=""Context: Lag in maturation of the brain’s intrinsic functional architecture in ADHD disorder  ""><b>Finding:</b></span> Lag in maturation of the brain’s intrinsic functional architecture in ADHD disorder  "		1																	[]	[]	[]
5c4481b0d706ed00019540cc	Psychology_20_p	"<span id=""hover_text_paper"" data-toggle=""tooltip"" data-html=""true"" data-placement=""bottom"" title=""Context: The Depressive Problems score was positively correlated with poor sleep quality (r = 0.371; P < .001). A total of 162 functional connectivity links involving areas associated with sleep, such as the precuneus, anterior cingulate cortex, and the lateral orbitofrontal cortex, were identified. Of these links, 39 were also associated with the Depressive Problems scores.""><b>Finding:</b></span> A total of 162 functional connectivity links involving areas associated with sleep, such as the precuneus, anterior cingulate cortex, and the lateral orbitofrontal cortex, were identified."		1																	[]	[]	[]
5c4481b0d706ed00019540cc	Psychology_48_r	"<span id=""hover_text_news"" data-toggle=""tooltip"" data-html=""true"" data-placement=""bottom"" title=""Context: Regardless of background, the team explains, ""circumcised boys were more likely than intact boys to develop ASD before age 10 years."" What's more, ""risk was particularly high for infantile autism before age 5 years."" That number may be so low due to overwhelming beliefs that the practice equates to genital mutilation, while stateside it may be considered more comparable to dental braces.""><b>Finding:</b></span> What's more, ""risk was particularly high for infantile autism before age 5 years."""				2															[]	[]	[{'start': 694, 'end': 698, 'span': 'high', 'annotation': 'Correlation'}]
5c4481b0d706ed00019540cc	Psychology_tweet_38_p	"<span id=""hover_text_paper"" data-toggle=""tooltip"" data-html=""true"" data-placement=""bottom"" title=""Context: We found prominent maturational lag in DMN interconnections with VAN, with a concentration of lagged connections involving anterior insula, a key hub in VAN. These observations suggest that lagged maturation in anterior insula could contribute to several forms of inattention in ADHD. There was also a lag in ADHD in integration of interconnections linking DMN and FPN (Fig.""><b>Finding:</b></span> These observations suggest that lagged maturation in anterior insula could contribute to several forms of inattention in ADHD."				2															[]	[]	[{'start': 632, 'end': 642, 'span': 'contribute', 'annotation': 'Correlation'}]
5c4481b0d706ed00019540cc	Psychology_tweet_111_r	"<span id=""hover_text_news"" data-toggle=""tooltip"" data-html=""true"" data-placement=""bottom"" title=""Context: ""Pretreatment with CBD significantly reduced anxiety, cognitive impairment and discomfort in their speech... ""><b>Finding:</b></span> ""Pretreatment with CBD significantly reduced anxiety, cognitive impairment and discomfort in their speech... "	3																		[{'start': 357, 'end': 370, 'span': 'significantly', 'annotation': 'Causation'}, {'start': 371, 'end': 378, 'span': 'reduced', 'annotation': 'Causation'}]	[]	[]
5c4481b0d706ed00019540cc	Psychology_172_r	"<span id=""hover_text_news"" data-toggle=""tooltip"" data-html=""true"" data-placement=""bottom"" title=""Context: Support from one's partner can help -- but only if the smokers have developed skills of their own that help them to stop. Self-efficacy and support

The result: support from their partners is helpful to smokers who wish to stop and it increases their chances of success, provided that they have developed skills of their own that help them to abstain. Such support could involve their partner reminding them of their plan to quit as well as encouraging and supporting them in critical situations.""><b>Finding:</b></span> Self-efficacy and support

The result: support from their partners is helpful to smokers who wish to stop and it increases their chances of success, provided that they have developed skills of their own that help them to abstain."				2															[]	[]	[{'start': 795, 'end': 804, 'span': 'increases', 'annotation': 'Correlation'}, {'start': 831, 'end': 839, 'span': 'provided', 'annotation': 'Correlation'}]
5c4481b0d706ed00019540cc	Psychology_tweet_111_p	"<span id=""hover_text_paper"" data-toggle=""tooltip"" data-html=""true"" data-placement=""bottom"" title=""Context: Pretreatment with CBD significantly reduced anxiety, cognitive impairment and discomfort in their speech performance, and significantly decreased alert in their anticipatory speech. The placebo group presented higher anxiety, cognitive impairment, discomfort, and alert levels when compared with the control group as assessed with the VAMS. The SSPS-N scores evidenced significant increases during the testing of placebo group that was almost abolished in the CBD group.""><b>Finding:</b></span> The placebo group presented higher anxiety, cognitive impairment, discomfort, and alert levels when compared with the control group as assessed with the VAMS."				2															[]	[]	[{'start': 753, 'end': 761, 'span': 'compared', 'annotation': 'Correlation'}]
5c4481b0d706ed00019540cc	Consent.html	Consent															I have read and understood the instructions.:::Yes	I have read and understood the content warning.:::Yes	I want to participate in this research and continue with the study.:::Yes		[]	[]	[]
5c4481b0d706ed00019540cc	Psychology_172_p	"<span id=""hover_text_paper"" data-toggle=""tooltip"" data-html=""true"" data-placement=""bottom"" title=""Context: On average, 29 days (range 21-58days) after the quit date, the respondents returned to the lab for the second assessment (T2). The rationale for examining potential joint effects of smoking-specific received social support and individual self-regulation before the quit date and post-quit date smoking cessation in the short-term rather than a longer-term ( 6 months) perspective lies in the chosen constructs. In contrast to perceived social support, received social support is not assumed to be stable over time, but a measure of retrospective support transactions from the partner.""><b>Finding:</b></span> The rationale for examining potential joint effects of smoking-specific received social support and individual self-regulation before the quit date and post-quit date smoking cessation in the short-term rather than a longer-term ( 6 months) perspective lies in the chosen constructs."		1																	[]	[]	[]
5c4481b0d706ed00019540cc	Psychology_tweet_136_r	"<span id=""hover_text_news"" data-toggle=""tooltip"" data-html=""true"" data-placement=""bottom"" title=""Context: Music can lift you out of a funk, if you can truly immerse yourself in its beauty  via ""><b>Finding:</b></span> Music can lift you out of a funk, if you can truly immerse yourself in its beauty  via "		1																	[]	[]	[]
5c4481b0d706ed00019540cc	Causality Examples.html	Causality Examples																		I carefully went over the examples and the instructions.:::Yes	[]	[]	[]
6105cde05e18eeaa7cc8b24f	Causality Examples.html	Causality Examples																		I carefully went over the examples and the instructions.:::Yes	[]	[]	[]
6105cde05e18eeaa7cc8b24f	Psychology_477_p	"<span id=""hover_text_paper"" data-toggle=""tooltip"" data-html=""true"" data-placement=""bottom"" title=""Context: For men in low-obesity counties, there is little more than a 2 and 7 percentage point respective difference between the obese and nonobese, and severely obese and nonobese, in the likelihood of reporting high life satisfaction. In counties with higher levels of obesity, this difference virtually disappears (less than 1.5 percent separates the nonobese and severely obese, and the difference between the nonobese and obese is less than .5 percent). In other words, there is almost no emotional cost of obesity in terms of life satisfaction for men living in high-obesity counties.""><b>Finding:</b></span> In counties with higher levels of obesity, this difference virtually disappears (less than 1.5 percent separates the nonobese and severely obese, and the difference between the nonobese and obese is less than .5 percent)."			4																[]	[]	[]
6105cde05e18eeaa7cc8b24f	Psychology_138_p	"<span id=""hover_text_paper"" data-toggle=""tooltip"" data-html=""true"" data-placement=""bottom"" title=""Context: In particular, lag was observed within the midline core of the DMN, as well as in DMN connections with right lateralized prefrontal regions (in frontoparietal network) and anterior insula (in ventral attention network). Our finding of maturational lag specifically in connections within and between these networks suggests a developmental etiology for the deficits proposed in these models. These advances raise possibilities for investigating maturational lag in ADHD in the developing ICN architecture of the brain (18).""><b>Finding:</b></span> Our finding of maturational lag specifically in connections within and between these networks suggests a developmental etiology for the deficits proposed in these models."	3																		[]	[]	[]
6105cde05e18eeaa7cc8b24f	test_question_testing_Causation	<b>Reported Finding:</b> Exposure to traffic noise at the office increases stress levels. This is a test question, please select Causation. Do not mark any words or phrases.	3																		[]	[]	[]
6105cde05e18eeaa7cc8b24f	test_question_testing_Explicitly states: no relation	<b>Reported Finding:</b> Exposure to traffic noise at the office increases stress levels. This is a test question, please select Explicitly states: no relation. Do not mark any words or phrases.			4																[]	[]	[]
6105cde05e18eeaa7cc8b24f	Psychology_312_r	"<span id=""hover_text_news"" data-toggle=""tooltip"" data-html=""true"" data-placement=""bottom"" title=""Context: ""Given that about 1 million people die by suicide every year, that's a very encouraging prospect for suicide prevention."" ""These findings show the need both for clinicians to pay particular attention to patients reporting experience of psychotic experience, and for greater funding for research into recognizing a psychosis subtype of suicide,"" he continued. ""If we are to understand suicide, we need to understand a lot more about perceptual abnormalities,"" added doctoral student and co-author Kathryn Yates of RCSI Psychiatry.""><b>Finding:</b></span> ""These findings show the need both for clinicians to pay particular attention to patients reporting experience of psychotic experience, and for greater funding for research into recognizing a psychosis subtype of suicide,"" he continued."				2															[]	[]	[]
6105cde05e18eeaa7cc8b24f	Psychology_439_p	"<span id=""hover_text_paper"" data-toggle=""tooltip"" data-html=""true"" data-placement=""bottom"" title=""Context: Second, positive and negative correlations are consistent with a ''crossover interaction,'' where people both lower and higher in cognitive ability express intergroup bias, but toward different sets of groups. This implies that there is a similar psychological mechanism for people higher and lower in cognitive ability, such as the effects of attitude dissimilarity or in-group/ out-group distinctions on prejudice . Similar comprehensive knowledge-based tests had the strongest associations with prejudice in past research compared to other types of measures .""><b>Finding:</b></span> This implies that there is a similar psychological mechanism for people higher and lower in cognitive ability, such as the effects of attitude dissimilarity or in-group/ out-group distinctions on prejudice ."				2															[]	[]	[]
6105cde05e18eeaa7cc8b24f	Psychology_439_r	"<span id=""hover_text_news"" data-toggle=""tooltip"" data-html=""true"" data-placement=""bottom"" title=""Context: Analyzing the results, the researchers found that people with both relatively higher and lower levels of cognitive ability show approximately equal levels of intergroup bias, but towards different groups. For instance, people with low cognitive ability tended to express prejudice towards groups perceived as liberal and unconventional, such as atheists, gays, and lesbians, as well as groups of people perceived as having low choice over group membership, such as ethnic minorities. People with high cognitive ability showed the reverse pattern, according to the study's findings.""><b>Finding:</b></span> For instance, people with low cognitive ability tended to express prejudice towards groups perceived as liberal and unconventional, such as atheists, gays, and lesbians, as well as groups of people perceived as having low choice over group membership, such as ethnic minorities."				2															[]	[]	[]
6105cde05e18eeaa7cc8b24f	Experience.html	Experience						5				2			2						[]	[]	[]
6105cde05e18eeaa7cc8b24f	Psychology_138_r	"<span id=""hover_text_news"" data-toggle=""tooltip"" data-html=""true"" data-placement=""bottom"" title=""Context: ""It is particularly noteworthy that the networks we found to have lagging maturation in ADHD are linked to the very behaviors that are the symptoms of ADHD,"" he says. ""The results of this study set the stage for the next phase of this research, which is to examine individual components of the networks that have the maturational lag,"" he says. ""This study provides a coarse-grained understanding, and now we want to examine this phenomenon in a more fine-grained way that might lead us to a true biological marker, or neuromarker, for ADHD.""""><b>Finding:</b></span> ""The results of this study set the stage for the next phase of this research, which is to examine individual components of the networks that have the maturational lag,"" he says."				2															[]	[]	[]
6105cde05e18eeaa7cc8b24f	Psychology_312_p	"<span id=""hover_text_paper"" data-toggle=""tooltip"" data-html=""true"" data-placement=""bottom"" title=""Context: For one, PEs are associated with increased odds of suicidal behavior even in individuals without a mental disorder. We found that co-occurring psychopathology is only a partial mediator of the association between PEs and suicidal behavior; that is, PEs are a marker of risk for later suicidal behavior in excess of the risk associated with co-occurring mental disorders. (Figure 2 includes examples of mediating variables in the association between PEs and suicidal ideation and behavior.)""><b>Finding:</b></span> We found that co-occurring psychopathology is only a partial mediator of the association between PEs and suicidal behavior; that is, PEs are a marker of risk for later suicidal behavior in excess of the risk associated with co-occurring mental disorders."				2															[]	[]	[]
6105cde05e18eeaa7cc8b24f	Psychology_tweet_14_p	"<span id=""hover_text_paper"" data-toggle=""tooltip"" data-html=""true"" data-placement=""bottom"" title=""Context: There were no differences in familial risk or heritability between male and female patients. CONCLUSIONS AND RELEVANCE Tic disorders, including TS and CTDs, cluster in families primarily because of genetic factors and appear to be among the most heritable neuropsychiatric conditions. Second, families were primarily recruited from specialist clinics, potentially resulting in the inclusion of more severe and impaired cases.""><b>Finding:</b></span> CONCLUSIONS AND RELEVANCE Tic disorders, including TS and CTDs, cluster in families primarily because of genetic factors and appear to be among the most heritable neuropsychiatric conditions."				2															[]	[]	[]
6105cde05e18eeaa7cc8b24f	Consent.html	Consent															I have read and understood the instructions.:::Yes	I have read and understood the content warning.:::Yes	I want to participate in this research and continue with the study.:::Yes		[]	[]	[]
6105cde05e18eeaa7cc8b24f	Psychology_tweet_14_r	"<span id=""hover_text_news"" data-toggle=""tooltip"" data-html=""true"" data-placement=""bottom"" title=""Context: Risk for #tic disorders, including #Tourette syndrome, increased w/ degree of #genetic relatedness. ""><b>Finding:</b></span> Risk for #tic disorders, including #Tourette syndrome, increased w/ degree of #genetic relatedness. "			4																[]	[]	[]
6105cde05e18eeaa7cc8b24f	Psychology_tweet_167_p	"<span id=""hover_text_paper"" data-toggle=""tooltip"" data-html=""true"" data-placement=""bottom"" title=""Context: Vickhoff and colleagues 6 monitored the heart rates of singers and found that as the members sang in unison, their pulses began to speed up and slow down at the same rate. Participants in the doppel active condition displayed lower increases in skin conductance responses relative to baseline and reported lower anxiety levels compared to the control group. Therefore, the presence, as opposed to its absence, of a slow rhythm, which in the present study was instantiated as an auxiliary slow heartbeat delivered through doppel, had a significant calming effect on physiological arousal and subjective experience during a socially stressful situation.""><b>Finding:</b></span> Participants in the doppel active condition displayed lower increases in skin conductance responses relative to baseline and reported lower anxiety levels compared to the control group."			4																[]	[]	[]
6105cde05e18eeaa7cc8b24f	Psychology_tweet_167_r	"<span id=""hover_text_news"" data-toggle=""tooltip"" data-html=""true"" data-placement=""bottom"" title=""Context: Our new study with @username in @username : How ‘wearing’ a tactile heart(beat) helps you stay calmer  ""><b>Finding:</b></span> Our new study with @username in @username : How ‘wearing’ a tactile heart(beat) helps you stay calmer  "	3																		[]	[]	[]
6105cde05e18eeaa7cc8b24f	Psychology_477_r	"<span id=""hover_text_news"" data-toggle=""tooltip"" data-html=""true"" data-placement=""bottom"" title=""Context: ""Think about the advertising we see on television or in magazines -- we are bombarded by images of thin women, and we are told that is the ideal,"" said Pendergast, who noted that the study offers a potential explanation for the exponential increase in obesity in the United States over the past 30 years. ""Our findings demonstrate that where obesity is most prevalent, the difference in life satisfaction between the obese and non-obese is smaller for women and almost non-existent for men,"" he said. ""The same relationship is likely to exist over time and, as such, the emotional cost and advantage of obesity and non-obesity, respectively, may be decreasing as the prevalence of obesity increases.""><b>Finding:</b></span> ""Our findings demonstrate that where obesity is most prevalent, the difference in life satisfaction between the obese and non-obese is smaller for women and almost non-existent for men,"" he said."			4																[]	[]	[]
609ab970bcff69957427445d	test_question_testing_No mention of a relation	<b>Reported Finding:</b> Exposure to traffic noise at the office increases stress levels. This is a test question, please select No mention of a relation. Do not mark any words or phrases.		1																	[]	[]	[]
609ab970bcff69957427445d	Causality Examples.html	Causality Examples																		I carefully went over the examples and the instructions.:::Yes	[]	[]	[]
609ab970bcff69957427445d	Psychology_477_p	"<span id=""hover_text_paper"" data-toggle=""tooltip"" data-html=""true"" data-placement=""bottom"" title=""Context: For men in low-obesity counties, there is little more than a 2 and 7 percentage point respective difference between the obese and nonobese, and severely obese and nonobese, in the likelihood of reporting high life satisfaction. In counties with higher levels of obesity, this difference virtually disappears (less than 1.5 percent separates the nonobese and severely obese, and the difference between the nonobese and obese is less than .5 percent). In other words, there is almost no emotional cost of obesity in terms of life satisfaction for men living in high-obesity counties.""><b>Finding:</b></span> In counties with higher levels of obesity, this difference virtually disappears (less than 1.5 percent separates the nonobese and severely obese, and the difference between the nonobese and obese is less than .5 percent)."		1																	[]	[]	[]
609ab970bcff69957427445d	Psychology_138_p	"<span id=""hover_text_paper"" data-toggle=""tooltip"" data-html=""true"" data-placement=""bottom"" title=""Context: In particular, lag was observed within the midline core of the DMN, as well as in DMN connections with right lateralized prefrontal regions (in frontoparietal network) and anterior insula (in ventral attention network). Our finding of maturational lag specifically in connections within and between these networks suggests a developmental etiology for the deficits proposed in these models. These advances raise possibilities for investigating maturational lag in ADHD in the developing ICN architecture of the brain (18).""><b>Finding:</b></span> Our finding of maturational lag specifically in connections within and between these networks suggests a developmental etiology for the deficits proposed in these models."		1																	[]	[]	[]
609ab970bcff69957427445d	Psychology_312_r	"<span id=""hover_text_news"" data-toggle=""tooltip"" data-html=""true"" data-placement=""bottom"" title=""Context: ""Given that about 1 million people die by suicide every year, that's a very encouraging prospect for suicide prevention."" ""These findings show the need both for clinicians to pay particular attention to patients reporting experience of psychotic experience, and for greater funding for research into recognizing a psychosis subtype of suicide,"" he continued. ""If we are to understand suicide, we need to understand a lot more about perceptual abnormalities,"" added doctoral student and co-author Kathryn Yates of RCSI Psychiatry.""><b>Finding:</b></span> ""These findings show the need both for clinicians to pay particular attention to patients reporting experience of psychotic experience, and for greater funding for research into recognizing a psychosis subtype of suicide,"" he continued."		1																	[]	[]	[]
609ab970bcff69957427445d	Psychology_439_p	"<span id=""hover_text_paper"" data-toggle=""tooltip"" data-html=""true"" data-placement=""bottom"" title=""Context: Second, positive and negative correlations are consistent with a ''crossover interaction,'' where people both lower and higher in cognitive ability express intergroup bias, but toward different sets of groups. This implies that there is a similar psychological mechanism for people higher and lower in cognitive ability, such as the effects of attitude dissimilarity or in-group/ out-group distinctions on prejudice . Similar comprehensive knowledge-based tests had the strongest associations with prejudice in past research compared to other types of measures .""><b>Finding:</b></span> This implies that there is a similar psychological mechanism for people higher and lower in cognitive ability, such as the effects of attitude dissimilarity or in-group/ out-group distinctions on prejudice ."		1																	[]	[]	[]
609ab970bcff69957427445d	Psychology_439_r	"<span id=""hover_text_news"" data-toggle=""tooltip"" data-html=""true"" data-placement=""bottom"" title=""Context: Analyzing the results, the researchers found that people with both relatively higher and lower levels of cognitive ability show approximately equal levels of intergroup bias, but towards different groups. For instance, people with low cognitive ability tended to express prejudice towards groups perceived as liberal and unconventional, such as atheists, gays, and lesbians, as well as groups of people perceived as having low choice over group membership, such as ethnic minorities. People with high cognitive ability showed the reverse pattern, according to the study's findings.""><b>Finding:</b></span> For instance, people with low cognitive ability tended to express prejudice towards groups perceived as liberal and unconventional, such as atheists, gays, and lesbians, as well as groups of people perceived as having low choice over group membership, such as ethnic minorities."		1																	[]	[]	[]
609ab970bcff69957427445d	Experience.html	Experience						5		1					2						[]	[]	[]
609ab970bcff69957427445d	Psychology_138_r	"<span id=""hover_text_news"" data-toggle=""tooltip"" data-html=""true"" data-placement=""bottom"" title=""Context: ""It is particularly noteworthy that the networks we found to have lagging maturation in ADHD are linked to the very behaviors that are the symptoms of ADHD,"" he says. ""The results of this study set the stage for the next phase of this research, which is to examine individual components of the networks that have the maturational lag,"" he says. ""This study provides a coarse-grained understanding, and now we want to examine this phenomenon in a more fine-grained way that might lead us to a true biological marker, or neuromarker, for ADHD.""""><b>Finding:</b></span> ""The results of this study set the stage for the next phase of this research, which is to examine individual components of the networks that have the maturational lag,"" he says."		1																	[]	[]	[]
609ab970bcff69957427445d	test_question_testing_Correlation	<b>Reported Finding:</b> Exposure to traffic noise at the office increases stress levels. This is a test question, please select Correlation. Do not mark any words or phrases.				2															[]	[]	[]
609ab970bcff69957427445d	Psychology_312_p	"<span id=""hover_text_paper"" data-toggle=""tooltip"" data-html=""true"" data-placement=""bottom"" title=""Context: For one, PEs are associated with increased odds of suicidal behavior even in individuals without a mental disorder. We found that co-occurring psychopathology is only a partial mediator of the association between PEs and suicidal behavior; that is, PEs are a marker of risk for later suicidal behavior in excess of the risk associated with co-occurring mental disorders. (Figure 2 includes examples of mediating variables in the association between PEs and suicidal ideation and behavior.)""><b>Finding:</b></span> We found that co-occurring psychopathology is only a partial mediator of the association between PEs and suicidal behavior; that is, PEs are a marker of risk for later suicidal behavior in excess of the risk associated with co-occurring mental disorders."				2															[]	[]	[]
609ab970bcff69957427445d	Psychology_tweet_14_p	"<span id=""hover_text_paper"" data-toggle=""tooltip"" data-html=""true"" data-placement=""bottom"" title=""Context: There were no differences in familial risk or heritability between male and female patients. CONCLUSIONS AND RELEVANCE Tic disorders, including TS and CTDs, cluster in families primarily because of genetic factors and appear to be among the most heritable neuropsychiatric conditions. Second, families were primarily recruited from specialist clinics, potentially resulting in the inclusion of more severe and impaired cases.""><b>Finding:</b></span> CONCLUSIONS AND RELEVANCE Tic disorders, including TS and CTDs, cluster in families primarily because of genetic factors and appear to be among the most heritable neuropsychiatric conditions."	3																		[]	[]	[]
609ab970bcff69957427445d	Consent.html	Consent															I have read and understood the instructions.:::Yes	I have read and understood the content warning.:::Yes	I want to participate in this research and continue with the study.:::Yes		[]	[]	[]
609ab970bcff69957427445d	Psychology_tweet_14_r	"<span id=""hover_text_news"" data-toggle=""tooltip"" data-html=""true"" data-placement=""bottom"" title=""Context: Risk for #tic disorders, including #Tourette syndrome, increased w/ degree of #genetic relatedness. ""><b>Finding:</b></span> Risk for #tic disorders, including #Tourette syndrome, increased w/ degree of #genetic relatedness. "		1																	[]	[]	[]
609ab970bcff69957427445d	Psychology_tweet_167_p	"<span id=""hover_text_paper"" data-toggle=""tooltip"" data-html=""true"" data-placement=""bottom"" title=""Context: Vickhoff and colleagues 6 monitored the heart rates of singers and found that as the members sang in unison, their pulses began to speed up and slow down at the same rate. Participants in the doppel active condition displayed lower increases in skin conductance responses relative to baseline and reported lower anxiety levels compared to the control group. Therefore, the presence, as opposed to its absence, of a slow rhythm, which in the present study was instantiated as an auxiliary slow heartbeat delivered through doppel, had a significant calming effect on physiological arousal and subjective experience during a socially stressful situation.""><b>Finding:</b></span> Participants in the doppel active condition displayed lower increases in skin conductance responses relative to baseline and reported lower anxiety levels compared to the control group."	3																		[]	[]	[]
609ab970bcff69957427445d	Psychology_tweet_167_r	"<span id=""hover_text_news"" data-toggle=""tooltip"" data-html=""true"" data-placement=""bottom"" title=""Context: Our new study with @username in @username : How ‘wearing’ a tactile heart(beat) helps you stay calmer  ""><b>Finding:</b></span> Our new study with @username in @username : How ‘wearing’ a tactile heart(beat) helps you stay calmer  "		1																	[]	[]	[]
609ab970bcff69957427445d	Psychology_477_r	"<span id=""hover_text_news"" data-toggle=""tooltip"" data-html=""true"" data-placement=""bottom"" title=""Context: ""Think about the advertising we see on television or in magazines -- we are bombarded by images of thin women, and we are told that is the ideal,"" said Pendergast, who noted that the study offers a potential explanation for the exponential increase in obesity in the United States over the past 30 years. ""Our findings demonstrate that where obesity is most prevalent, the difference in life satisfaction between the obese and non-obese is smaller for women and almost non-existent for men,"" he said. ""The same relationship is likely to exist over time and, as such, the emotional cost and advantage of obesity and non-obesity, respectively, may be decreasing as the prevalence of obesity increases.""><b>Finding:</b></span> ""Our findings demonstrate that where obesity is most prevalent, the difference in life satisfaction between the obese and non-obese is smaller for women and almost non-existent for men,"" he said."		1																	[]	[]	[]
610cfd6286acd76d66958ed4	Causality Examples.html	Causality Examples																		I carefully went over the examples and the instructions.:::Yes	[]	[]	[]
610cfd6286acd76d66958ed4	Psychology_477_p	"<span id=""hover_text_paper"" data-toggle=""tooltip"" data-html=""true"" data-placement=""bottom"" title=""Context: For men in low-obesity counties, there is little more than a 2 and 7 percentage point respective difference between the obese and nonobese, and severely obese and nonobese, in the likelihood of reporting high life satisfaction. In counties with higher levels of obesity, this difference virtually disappears (less than 1.5 percent separates the nonobese and severely obese, and the difference between the nonobese and obese is less than .5 percent). In other words, there is almost no emotional cost of obesity in terms of life satisfaction for men living in high-obesity counties.""><b>Finding:</b></span> In counties with higher levels of obesity, this difference virtually disappears (less than 1.5 percent separates the nonobese and severely obese, and the difference between the nonobese and obese is less than .5 percent)."		1																	[]	[]	[]
610cfd6286acd76d66958ed4	Psychology_138_p	"<span id=""hover_text_paper"" data-toggle=""tooltip"" data-html=""true"" data-placement=""bottom"" title=""Context: In particular, lag was observed within the midline core of the DMN, as well as in DMN connections with right lateralized prefrontal regions (in frontoparietal network) and anterior insula (in ventral attention network). Our finding of maturational lag specifically in connections within and between these networks suggests a developmental etiology for the deficits proposed in these models. These advances raise possibilities for investigating maturational lag in ADHD in the developing ICN architecture of the brain (18).""><b>Finding:</b></span> Our finding of maturational lag specifically in connections within and between these networks suggests a developmental etiology for the deficits proposed in these models."				2															[]	[]	[]
610cfd6286acd76d66958ed4	test_question_testing_Causation	<b>Reported Finding:</b> Exposure to traffic noise at the office increases stress levels. This is a test question, please select Causation. Do not mark any words or phrases.	3																		[]	[]	[]
610cfd6286acd76d66958ed4	test_question_testing_Explicitly states: no relation	<b>Reported Finding:</b> Exposure to traffic noise at the office increases stress levels. This is a test question, please select Explicitly states: no relation. Do not mark any words or phrases.			4																[]	[]	[]
610cfd6286acd76d66958ed4	Psychology_312_r	"<span id=""hover_text_news"" data-toggle=""tooltip"" data-html=""true"" data-placement=""bottom"" title=""Context: ""Given that about 1 million people die by suicide every year, that's a very encouraging prospect for suicide prevention."" ""These findings show the need both for clinicians to pay particular attention to patients reporting experience of psychotic experience, and for greater funding for research into recognizing a psychosis subtype of suicide,"" he continued. ""If we are to understand suicide, we need to understand a lot more about perceptual abnormalities,"" added doctoral student and co-author Kathryn Yates of RCSI Psychiatry.""><b>Finding:</b></span> ""These findings show the need both for clinicians to pay particular attention to patients reporting experience of psychotic experience, and for greater funding for research into recognizing a psychosis subtype of suicide,"" he continued."		1																	[]	[]	[]
610cfd6286acd76d66958ed4	Psychology_439_p	"<span id=""hover_text_paper"" data-toggle=""tooltip"" data-html=""true"" data-placement=""bottom"" title=""Context: Second, positive and negative correlations are consistent with a ''crossover interaction,'' where people both lower and higher in cognitive ability express intergroup bias, but toward different sets of groups. This implies that there is a similar psychological mechanism for people higher and lower in cognitive ability, such as the effects of attitude dissimilarity or in-group/ out-group distinctions on prejudice . Similar comprehensive knowledge-based tests had the strongest associations with prejudice in past research compared to other types of measures .""><b>Finding:</b></span> This implies that there is a similar psychological mechanism for people higher and lower in cognitive ability, such as the effects of attitude dissimilarity or in-group/ out-group distinctions on prejudice ."		1																	[]	[]	[]
610cfd6286acd76d66958ed4	Psychology_439_r	"<span id=""hover_text_news"" data-toggle=""tooltip"" data-html=""true"" data-placement=""bottom"" title=""Context: Analyzing the results, the researchers found that people with both relatively higher and lower levels of cognitive ability show approximately equal levels of intergroup bias, but towards different groups. For instance, people with low cognitive ability tended to express prejudice towards groups perceived as liberal and unconventional, such as atheists, gays, and lesbians, as well as groups of people perceived as having low choice over group membership, such as ethnic minorities. People with high cognitive ability showed the reverse pattern, according to the study's findings.""><b>Finding:</b></span> For instance, people with low cognitive ability tended to express prejudice towards groups perceived as liberal and unconventional, such as atheists, gays, and lesbians, as well as groups of people perceived as having low choice over group membership, such as ethnic minorities."		1																	[]	[]	[]
610cfd6286acd76d66958ed4	Experience.html	Experience						5			4				2						[]	[]	[]
610cfd6286acd76d66958ed4	Psychology_138_r	"<span id=""hover_text_news"" data-toggle=""tooltip"" data-html=""true"" data-placement=""bottom"" title=""Context: ""It is particularly noteworthy that the networks we found to have lagging maturation in ADHD are linked to the very behaviors that are the symptoms of ADHD,"" he says. ""The results of this study set the stage for the next phase of this research, which is to examine individual components of the networks that have the maturational lag,"" he says. ""This study provides a coarse-grained understanding, and now we want to examine this phenomenon in a more fine-grained way that might lead us to a true biological marker, or neuromarker, for ADHD.""""><b>Finding:</b></span> ""The results of this study set the stage for the next phase of this research, which is to examine individual components of the networks that have the maturational lag,"" he says."		1																	[]	[]	[]
610cfd6286acd76d66958ed4	Psychology_312_p	"<span id=""hover_text_paper"" data-toggle=""tooltip"" data-html=""true"" data-placement=""bottom"" title=""Context: For one, PEs are associated with increased odds of suicidal behavior even in individuals without a mental disorder. We found that co-occurring psychopathology is only a partial mediator of the association between PEs and suicidal behavior; that is, PEs are a marker of risk for later suicidal behavior in excess of the risk associated with co-occurring mental disorders. (Figure 2 includes examples of mediating variables in the association between PEs and suicidal ideation and behavior.)""><b>Finding:</b></span> We found that co-occurring psychopathology is only a partial mediator of the association between PEs and suicidal behavior; that is, PEs are a marker of risk for later suicidal behavior in excess of the risk associated with co-occurring mental disorders."				2															[]	[]	[]
610cfd6286acd76d66958ed4	Psychology_tweet_14_p	"<span id=""hover_text_paper"" data-toggle=""tooltip"" data-html=""true"" data-placement=""bottom"" title=""Context: There were no differences in familial risk or heritability between male and female patients. CONCLUSIONS AND RELEVANCE Tic disorders, including TS and CTDs, cluster in families primarily because of genetic factors and appear to be among the most heritable neuropsychiatric conditions. Second, families were primarily recruited from specialist clinics, potentially resulting in the inclusion of more severe and impaired cases.""><b>Finding:</b></span> CONCLUSIONS AND RELEVANCE Tic disorders, including TS and CTDs, cluster in families primarily because of genetic factors and appear to be among the most heritable neuropsychiatric conditions."		1																	[]	[]	[]
610cfd6286acd76d66958ed4	Consent.html	Consent															I have read and understood the instructions.:::Yes	I have read and understood the content warning.:::Yes	I want to participate in this research and continue with the study.:::Yes		[]	[]	[]
610cfd6286acd76d66958ed4	Psychology_tweet_14_r	"<span id=""hover_text_news"" data-toggle=""tooltip"" data-html=""true"" data-placement=""bottom"" title=""Context: Risk for #tic disorders, including #Tourette syndrome, increased w/ degree of #genetic relatedness. ""><b>Finding:</b></span> Risk for #tic disorders, including #Tourette syndrome, increased w/ degree of #genetic relatedness. "	3																		[]	[]	[]
610cfd6286acd76d66958ed4	Psychology_tweet_167_p	"<span id=""hover_text_paper"" data-toggle=""tooltip"" data-html=""true"" data-placement=""bottom"" title=""Context: Vickhoff and colleagues 6 monitored the heart rates of singers and found that as the members sang in unison, their pulses began to speed up and slow down at the same rate. Participants in the doppel active condition displayed lower increases in skin conductance responses relative to baseline and reported lower anxiety levels compared to the control group. Therefore, the presence, as opposed to its absence, of a slow rhythm, which in the present study was instantiated as an auxiliary slow heartbeat delivered through doppel, had a significant calming effect on physiological arousal and subjective experience during a socially stressful situation.""><b>Finding:</b></span> Participants in the doppel active condition displayed lower increases in skin conductance responses relative to baseline and reported lower anxiety levels compared to the control group."				2															[]	[]	[]
610cfd6286acd76d66958ed4	Psychology_tweet_167_r	"<span id=""hover_text_news"" data-toggle=""tooltip"" data-html=""true"" data-placement=""bottom"" title=""Context: Our new study with @username in @username : How ‘wearing’ a tactile heart(beat) helps you stay calmer  ""><b>Finding:</b></span> Our new study with @username in @username : How ‘wearing’ a tactile heart(beat) helps you stay calmer  "		1																	[]	[]	[]
610cfd6286acd76d66958ed4	Psychology_477_r	"<span id=""hover_text_news"" data-toggle=""tooltip"" data-html=""true"" data-placement=""bottom"" title=""Context: ""Think about the advertising we see on television or in magazines -- we are bombarded by images of thin women, and we are told that is the ideal,"" said Pendergast, who noted that the study offers a potential explanation for the exponential increase in obesity in the United States over the past 30 years. ""Our findings demonstrate that where obesity is most prevalent, the difference in life satisfaction between the obese and non-obese is smaller for women and almost non-existent for men,"" he said. ""The same relationship is likely to exist over time and, as such, the emotional cost and advantage of obesity and non-obesity, respectively, may be decreasing as the prevalence of obesity increases.""><b>Finding:</b></span> ""Our findings demonstrate that where obesity is most prevalent, the difference in life satisfaction between the obese and non-obese is smaller for women and almost non-existent for men,"" he said."	3																		[]	[]	[]
603440fb5478fc266d855faf	test_question_testing_No mention of a relation	<b>Reported Finding:</b> Exposure to traffic noise at the office increases stress levels. This is a test question, please select No mention of a relation. Do not mark any words or phrases.		1																	[]	[]	[]
603440fb5478fc266d855faf	Psychology_42_p	"<span id=""hover_text_paper"" data-toggle=""tooltip"" data-html=""true"" data-placement=""bottom"" title=""Context: Consistent with prior literature using longitudinal designs (e.g., , our results first document a temporary and transitory gain in happiness around the time of birth. Importantly, we observe that happiness increases before birth, suggesting that the happiness gain around the time of birth may capture not only the effect of the birth but also the complex childbearing process that may involve partnership formation, partnership quality, and increased sexual activity. We then analyze the patterns for different socioeconomic groups and parities and show that the changes in subjective well-being over the transition to parenthood are highly consistent with the low and late fertility behavior that has emerged during the second demographic transition: older parents and those with more socioeconomic resources have the strongest happiness gains around the time of birth, and the temporary happiness gain around the time of birth declines with the number of children that one already has.""><b>Finding:</b></span> Importantly, we observe that happiness increases before birth, suggesting that the happiness gain around the time of birth may capture not only the effect of the birth but also the complex childbearing process that may involve partnership formation, partnership quality, and increased sexual activity."				2															[]	[]	[{'start': 1200, 'end': 1232, 'span': 'happiness increases before birth', 'annotation': 'Correlation'}]
603440fb5478fc266d855faf	Psychology_141_r	"<span id=""hover_text_news"" data-toggle=""tooltip"" data-html=""true"" data-placement=""bottom"" title=""Context: The findings are also relevant to thinking about the longitudinal course of ADHD from childhood to adulthood. Future studies of brain network maturation in ADHD could shed light into the neural basis for this difference. ""But without the database of fMRI images, and the spirit of collaboration that allowed them to be compiled and shared, we would never have reached this point.""""><b>Finding:</b></span> Future studies of brain network maturation in ADHD could shed light into the neural basis for this difference."		1																	[]	[]	[]
603440fb5478fc266d855faf	Psychology_342_p	"<span id=""hover_text_paper"" data-toggle=""tooltip"" data-html=""true"" data-placement=""bottom"" title=""Context: When nap SWA was controlled for, the standardized regression coefficient for the relationship between ΔRecall nap and ΔRecall overnight was reduced from B = −0.488, (p = 0.029) to B = −0.364 (p = 0.182). These results support that the relationship between memory performance change across both the nap and overnight sleep bouts was fully mediated by nap SWA (Fig. 4) .""><b>Finding:</b></span> These results support that the relationship between memory performance change across both the nap and overnight sleep bouts was fully mediated by nap SWA (Fig."				2															[]	[]	[{'start': 582, 'end': 628, 'span': 'relationship between memory performance change', 'annotation': 'Correlation'}, {'start': 679, 'end': 693, 'span': 'fully mediated', 'annotation': 'Correlation'}]
603440fb5478fc266d855faf	Psychology_tweet_21_p	"<span id=""hover_text_paper"" data-toggle=""tooltip"" data-html=""true"" data-placement=""bottom"" title=""Context: Individuals who reported PEs had a 3.15-fold (95% CI, 2.23-4.45) increased odds of suicide attempt. Individuals who reported PEs had a 4.39-fold (95% CI, 1.63-11.78) increased odds of suicide death (Figure 2 ). The population-attributable fraction of PEs for suicidal ideation was 11.9%.""><b>Finding:</b></span> Individuals who reported PEs had a 4.39-fold (95% CI, 1.63-11.78) increased odds of suicide death (Figure 2 )."				2															[]	[]	[{'start': 535, 'end': 551, 'span': ' increased odds ', 'annotation': 'Correlation'}]
603440fb5478fc266d855faf	Psychology_342_r	"<span id=""hover_text_news"" data-toggle=""tooltip"" data-html=""true"" data-placement=""bottom"" title=""Context: To do this, they presented children ages approximately three to five years (34-64 months) with faces paired with mean or nice word descriptions, but they saw no significant main effects of emotional valence on recognition memory. Change in memory accuracy also did not differ when tested after a nap compared to the change in memory accuracy after an interval awake, they report. However, when memory was tested again following overnight sleep, the change in memory accuracy was greater if the child had napped the previous day.""><b>Finding:</b></span> Change in memory accuracy also did not differ when tested after a nap compared to the change in memory accuracy after an interval awake, they report."			4																[]	[{'start': 741, 'end': 756, 'span': 'did not differ ', 'annotation': 'Explicit mentions of no relation'}]	[]
603440fb5478fc266d855faf	Psychology_232_p	"<span id=""hover_text_paper"" data-toggle=""tooltip"" data-html=""true"" data-placement=""bottom"" title=""Context: Reassuringly, 6 out of 99 ASD diagnoses (97%) in children born 1990-1999 and recorded in the Danish Psychiatric Central Register, the source of psychiatric data in the National Patient Register, were confirmed upon medical chart review. and describe feelings, and our findings suggest that circumcision may somehow trigger the development of ASD in a small fraction of young boys. These findings obviously do not prove the suggested associations.""><b>Finding:</b></span> and describe feelings, and our findings suggest that circumcision may somehow trigger the development of ASD in a small fraction of young boys."	3																		[{'start': 682, 'end': 714, 'span': 'circumcision may somehow trigger', 'annotation': 'Causation'}]	[]	[]
603440fb5478fc266d855faf	Psychology_tweet_21_r	"<span id=""hover_text_news"" data-toggle=""tooltip"" data-html=""true"" data-placement=""bottom"" title=""Context: Here’s our latest on psychotic experiences (PE) &amp;suicide.

Big pic: PE are clinically important! They predict ⬆️⬆️⬆️ risk of attempted &amp;completed suicide (beyond what’s explained by co-occurring mental illness).
#SystematicReview
@username 
 ""><b>Finding:</b></span> Here’s our latest on psychotic experiences (PE) &amp;suicide.

Big pic: PE are clinically important! They predict ⬆️⬆️⬆️ risk of attempted &amp;completed suicide (beyond what’s explained by co-occurring mental illness).
#SystematicReview
@username 
 "				2															[]	[]	[{'start': 545, 'end': 565, 'span': 'predict ⬆️⬆️⬆️ risk ', 'annotation': 'Correlation'}]
603440fb5478fc266d855faf	Experience.html	Experience							3			2		4							[]	[]	[]
603440fb5478fc266d855faf	Psychology_232_r	"<span id=""hover_text_news"" data-toggle=""tooltip"" data-html=""true"" data-placement=""bottom"" title=""Context: The study's findings showed that, regardless of cultural background, circumcised boys may run a greater risk of developing ASD. The researchers noted they also made an unexpected observation of an increased risk of hyperactivity disorder among circumcised boys in non-Muslim families. While it is unacceptable today to circumcise boys without proper pain relief, there is no way to eliminate the pain completely, the researchers said, adding that some boys will endure a lot of pain.""><b>Finding:</b></span> The researchers noted they also made an unexpected observation of an increased risk of hyperactivity disorder among circumcised boys in non-Muslim families."				2															[]	[]	[{'start': 734, 'end': 765, 'span': 'increased risk of hyperactivity', 'annotation': 'Correlation'}]
603440fb5478fc266d855faf	test_question_testing_Correlation	<b>Reported Finding:</b> Exposure to traffic noise at the office increases stress levels. This is a test question, please select Correlation. Do not mark any words or phrases.				2															[]	[]	[]
603440fb5478fc266d855faf	Consent.html	Consent															I have read and understood the instructions.:::Yes	I have read and understood the content warning.:::Yes	I want to participate in this research and continue with the study.:::Yes		[]	[]	[]
603440fb5478fc266d855faf	Psychology_tweet_28_p	"<span id=""hover_text_paper"" data-toggle=""tooltip"" data-html=""true"" data-placement=""bottom"" title=""Context: Contrary to our expectations, standard DBT was not superior to either comparison condition for any suicide-related outcome, and no significant differences were detected between DBT-S and DBT-I. Thus, all 3 versions of DBT were comparably effective at reducing suicidality among individuals at high risk for suicide. In contrast, findings suggested that DBT interventions that included DBT skills training (standard DBT and DBT-S) were more effective in reducing NSSI acts and improving other mental health problems than a DBT intervention without skills training (DBT-I).""><b>Finding:</b></span> Thus, all 3 versions of DBT were comparably effective at reducing suicidality among individuals at high risk for suicide."	3																		[{'start': 787, 'end': 832, 'span': 'comparably effective at reducing suicidality ', 'annotation': 'Causation'}]	[]	[]
603440fb5478fc266d855faf	Psychology_tweet_28_r	"<span id=""hover_text_news"" data-toggle=""tooltip"" data-html=""true"" data-placement=""bottom"" title=""Context: DBT for High Suicide Risk in Borderline Personality Disorder ""><b>Finding:</b></span> DBT for High Suicide Risk in Borderline Personality Disorder "				2															[]	[]	[{'start': 251, 'end': 268, 'span': 'High Suicide Risk', 'annotation': 'Correlation'}]
603440fb5478fc266d855faf	Psychology_42_r	"<span id=""hover_text_news"" data-toggle=""tooltip"" data-html=""true"" data-placement=""bottom"" title=""Context: Mikko Myrskyla, professor of demography at LSE and Director of the Max Planck Institute for Demographic Research in Rostock, Germany, said: ""Our results show a temporary and transitory gain in parents' happiness around the birth of first and second children. ""The fact that parental happiness increases before these children are born suggests that we are capturing broader issues relating to childbearing such as couples forming partnerships and making plans for the future. ""The arrival of a third child is not associated with an increase in the parents' happiness, but this is not to suggest they are any less loved than their older siblings.""><b>Finding:</b></span> ""The fact that parental happiness increases before these children are born suggests that we are capturing broader issues relating to childbearing such as couples forming partnerships and making plans for the future."				2															[]	[]	[{'start': 968, 'end': 1028, 'span': ' parental happiness increases before these children are born', 'annotation': 'Correlation'}]
603440fb5478fc266d855faf	Causality Examples.html	Causality Examples																		I carefully went over the examples and the instructions.:::Yes	[]	[]	[]
603440fb5478fc266d855faf	Psychology_141_p	"<span id=""hover_text_paper"" data-toggle=""tooltip"" data-html=""true"" data-placement=""bottom"" title=""Context: Our results provide strong initial evidence that these alterations arise from delays in typical maturational patterns. Our results invite further investigation into the neurobiological mechanisms in ADHD that produce delays in development of large-scale networks. We found significant and specific maturational lag in connections within default mode network (DMN) and in DMN interconnections with two task positive networks (TPNs): frontoparietal network and ventral attention network.""><b>Finding:</b></span> Our results invite further investigation into the neurobiological mechanisms in ADHD that produce delays in development of large-scale networks."		1																	[]	[]	[{'start': 734, 'end': 772, 'span': 'mechanisms in ADHD that produce delays', 'annotation': 'Correlation'}]
608b98aa3b32a8ec0d3d72c8	Psychology_42_p	"<span id=""hover_text_paper"" data-toggle=""tooltip"" data-html=""true"" data-placement=""bottom"" title=""Context: Consistent with prior literature using longitudinal designs (e.g., , our results first document a temporary and transitory gain in happiness around the time of birth. Importantly, we observe that happiness increases before birth, suggesting that the happiness gain around the time of birth may capture not only the effect of the birth but also the complex childbearing process that may involve partnership formation, partnership quality, and increased sexual activity. We then analyze the patterns for different socioeconomic groups and parities and show that the changes in subjective well-being over the transition to parenthood are highly consistent with the low and late fertility behavior that has emerged during the second demographic transition: older parents and those with more socioeconomic resources have the strongest happiness gains around the time of birth, and the temporary happiness gain around the time of birth declines with the number of children that one already has.""><b>Finding:</b></span> Importantly, we observe that happiness increases before birth, suggesting that the happiness gain around the time of birth may capture not only the effect of the birth but also the complex childbearing process that may involve partnership formation, partnership quality, and increased sexual activity."	3																		[]	[]	[]
608b98aa3b32a8ec0d3d72c8	Psychology_141_r	"<span id=""hover_text_news"" data-toggle=""tooltip"" data-html=""true"" data-placement=""bottom"" title=""Context: The findings are also relevant to thinking about the longitudinal course of ADHD from childhood to adulthood. Future studies of brain network maturation in ADHD could shed light into the neural basis for this difference. ""But without the database of fMRI images, and the spirit of collaboration that allowed them to be compiled and shared, we would never have reached this point.""""><b>Finding:</b></span> Future studies of brain network maturation in ADHD could shed light into the neural basis for this difference."				2															[]	[]	[]
608b98aa3b32a8ec0d3d72c8	Psychology_342_p	"<span id=""hover_text_paper"" data-toggle=""tooltip"" data-html=""true"" data-placement=""bottom"" title=""Context: When nap SWA was controlled for, the standardized regression coefficient for the relationship between ΔRecall nap and ΔRecall overnight was reduced from B = −0.488, (p = 0.029) to B = −0.364 (p = 0.182). These results support that the relationship between memory performance change across both the nap and overnight sleep bouts was fully mediated by nap SWA (Fig. 4) .""><b>Finding:</b></span> These results support that the relationship between memory performance change across both the nap and overnight sleep bouts was fully mediated by nap SWA (Fig."				2															[]	[]	[]
608b98aa3b32a8ec0d3d72c8	Psychology_tweet_21_p	"<span id=""hover_text_paper"" data-toggle=""tooltip"" data-html=""true"" data-placement=""bottom"" title=""Context: Individuals who reported PEs had a 3.15-fold (95% CI, 2.23-4.45) increased odds of suicide attempt. Individuals who reported PEs had a 4.39-fold (95% CI, 1.63-11.78) increased odds of suicide death (Figure 2 ). The population-attributable fraction of PEs for suicidal ideation was 11.9%.""><b>Finding:</b></span> Individuals who reported PEs had a 4.39-fold (95% CI, 1.63-11.78) increased odds of suicide death (Figure 2 )."			4																[]	[]	[]
608b98aa3b32a8ec0d3d72c8	Psychology_342_r	"<span id=""hover_text_news"" data-toggle=""tooltip"" data-html=""true"" data-placement=""bottom"" title=""Context: To do this, they presented children ages approximately three to five years (34-64 months) with faces paired with mean or nice word descriptions, but they saw no significant main effects of emotional valence on recognition memory. Change in memory accuracy also did not differ when tested after a nap compared to the change in memory accuracy after an interval awake, they report. However, when memory was tested again following overnight sleep, the change in memory accuracy was greater if the child had napped the previous day.""><b>Finding:</b></span> Change in memory accuracy also did not differ when tested after a nap compared to the change in memory accuracy after an interval awake, they report."				2															[]	[]	[]
608b98aa3b32a8ec0d3d72c8	test_question_testing_Causation	<b>Reported Finding:</b> Exposure to traffic noise at the office increases stress levels. This is a test question, please select Causation. Do not mark any words or phrases.	3																		[]	[]	[]
608b98aa3b32a8ec0d3d72c8	Psychology_232_p	"<span id=""hover_text_paper"" data-toggle=""tooltip"" data-html=""true"" data-placement=""bottom"" title=""Context: Reassuringly, 6 out of 99 ASD diagnoses (97%) in children born 1990-1999 and recorded in the Danish Psychiatric Central Register, the source of psychiatric data in the National Patient Register, were confirmed upon medical chart review. and describe feelings, and our findings suggest that circumcision may somehow trigger the development of ASD in a small fraction of young boys. These findings obviously do not prove the suggested associations.""><b>Finding:</b></span> and describe feelings, and our findings suggest that circumcision may somehow trigger the development of ASD in a small fraction of young boys."	3																		[]	[]	[]
608b98aa3b32a8ec0d3d72c8	Psychology_tweet_21_r	"<span id=""hover_text_news"" data-toggle=""tooltip"" data-html=""true"" data-placement=""bottom"" title=""Context: Here’s our latest on psychotic experiences (PE) &amp;suicide.

Big pic: PE are clinically important! They predict ⬆️⬆️⬆️ risk of attempted &amp;completed suicide (beyond what’s explained by co-occurring mental illness).
#SystematicReview
@username 
 ""><b>Finding:</b></span> Here’s our latest on psychotic experiences (PE) &amp;suicide.

Big pic: PE are clinically important! They predict ⬆️⬆️⬆️ risk of attempted &amp;completed suicide (beyond what’s explained by co-occurring mental illness).
#SystematicReview
@username 
 "			4																[]	[]	[]
608b98aa3b32a8ec0d3d72c8	Experience.html	Experience					4				4		1								[]	[]	[]
608b98aa3b32a8ec0d3d72c8	Psychology_232_r	"<span id=""hover_text_news"" data-toggle=""tooltip"" data-html=""true"" data-placement=""bottom"" title=""Context: The study's findings showed that, regardless of cultural background, circumcised boys may run a greater risk of developing ASD. The researchers noted they also made an unexpected observation of an increased risk of hyperactivity disorder among circumcised boys in non-Muslim families. While it is unacceptable today to circumcise boys without proper pain relief, there is no way to eliminate the pain completely, the researchers said, adding that some boys will endure a lot of pain.""><b>Finding:</b></span> The researchers noted they also made an unexpected observation of an increased risk of hyperactivity disorder among circumcised boys in non-Muslim families."	3																		[]	[]	[]
608b98aa3b32a8ec0d3d72c8	test_question_testing_Correlation	<b>Reported Finding:</b> Exposure to traffic noise at the office increases stress levels. This is a test question, please select Correlation. Do not mark any words or phrases.				2															[]	[]	[]
608b98aa3b32a8ec0d3d72c8	Consent.html	Consent															I have read and understood the instructions.:::Yes	I have read and understood the content warning.:::Yes	I want to participate in this research and continue with the study.:::Yes		[]	[]	[]
608b98aa3b32a8ec0d3d72c8	Psychology_tweet_28_p	"<span id=""hover_text_paper"" data-toggle=""tooltip"" data-html=""true"" data-placement=""bottom"" title=""Context: Contrary to our expectations, standard DBT was not superior to either comparison condition for any suicide-related outcome, and no significant differences were detected between DBT-S and DBT-I. Thus, all 3 versions of DBT were comparably effective at reducing suicidality among individuals at high risk for suicide. In contrast, findings suggested that DBT interventions that included DBT skills training (standard DBT and DBT-S) were more effective in reducing NSSI acts and improving other mental health problems than a DBT intervention without skills training (DBT-I).""><b>Finding:</b></span> Thus, all 3 versions of DBT were comparably effective at reducing suicidality among individuals at high risk for suicide."	3																		[]	[]	[]
608b98aa3b32a8ec0d3d72c8	Psychology_tweet_28_r	"<span id=""hover_text_news"" data-toggle=""tooltip"" data-html=""true"" data-placement=""bottom"" title=""Context: DBT for High Suicide Risk in Borderline Personality Disorder ""><b>Finding:</b></span> DBT for High Suicide Risk in Borderline Personality Disorder "				2															[]	[]	[]
608b98aa3b32a8ec0d3d72c8	Psychology_42_r	"<span id=""hover_text_news"" data-toggle=""tooltip"" data-html=""true"" data-placement=""bottom"" title=""Context: Mikko Myrskyla, professor of demography at LSE and Director of the Max Planck Institute for Demographic Research in Rostock, Germany, said: ""Our results show a temporary and transitory gain in parents' happiness around the birth of first and second children. ""The fact that parental happiness increases before these children are born suggests that we are capturing broader issues relating to childbearing such as couples forming partnerships and making plans for the future. ""The arrival of a third child is not associated with an increase in the parents' happiness, but this is not to suggest they are any less loved than their older siblings.""><b>Finding:</b></span> ""The fact that parental happiness increases before these children are born suggests that we are capturing broader issues relating to childbearing such as couples forming partnerships and making plans for the future."	3																		[]	[]	[]
608b98aa3b32a8ec0d3d72c8	Causality Examples.html	Causality Examples																		I carefully went over the examples and the instructions.:::Yes	[]	[]	[]
608b98aa3b32a8ec0d3d72c8	Psychology_141_p	"<span id=""hover_text_paper"" data-toggle=""tooltip"" data-html=""true"" data-placement=""bottom"" title=""Context: Our results provide strong initial evidence that these alterations arise from delays in typical maturational patterns. Our results invite further investigation into the neurobiological mechanisms in ADHD that produce delays in development of large-scale networks. We found significant and specific maturational lag in connections within default mode network (DMN) and in DMN interconnections with two task positive networks (TPNs): frontoparietal network and ventral attention network.""><b>Finding:</b></span> Our results invite further investigation into the neurobiological mechanisms in ADHD that produce delays in development of large-scale networks."				2															[]	[]	[]
650bd0618adb2b3562b96417	test_question_testing_No mention of a relation	<b>Reported Finding:</b> Exposure to traffic noise at the office increases stress levels. This is a test question, please select No mention of a relation. Do not mark any words or phrases.		1																	[]	[]	[]
650bd0618adb2b3562b96417	Psychology_42_p	"<span id=""hover_text_paper"" data-toggle=""tooltip"" data-html=""true"" data-placement=""bottom"" title=""Context: Consistent with prior literature using longitudinal designs (e.g., , our results first document a temporary and transitory gain in happiness around the time of birth. Importantly, we observe that happiness increases before birth, suggesting that the happiness gain around the time of birth may capture not only the effect of the birth but also the complex childbearing process that may involve partnership formation, partnership quality, and increased sexual activity. We then analyze the patterns for different socioeconomic groups and parities and show that the changes in subjective well-being over the transition to parenthood are highly consistent with the low and late fertility behavior that has emerged during the second demographic transition: older parents and those with more socioeconomic resources have the strongest happiness gains around the time of birth, and the temporary happiness gain around the time of birth declines with the number of children that one already has.""><b>Finding:</b></span> Importantly, we observe that happiness increases before birth, suggesting that the happiness gain around the time of birth may capture not only the effect of the birth but also the complex childbearing process that may involve partnership formation, partnership quality, and increased sexual activity."				2															[]	[]	[{'start': 1187, 'end': 1219, 'span': 'observe that happiness increases', 'annotation': 'Correlation'}]
650bd0618adb2b3562b96417	Psychology_141_r	"<span id=""hover_text_news"" data-toggle=""tooltip"" data-html=""true"" data-placement=""bottom"" title=""Context: The findings are also relevant to thinking about the longitudinal course of ADHD from childhood to adulthood. Future studies of brain network maturation in ADHD could shed light into the neural basis for this difference. ""But without the database of fMRI images, and the spirit of collaboration that allowed them to be compiled and shared, we would never have reached this point.""""><b>Finding:</b></span> Future studies of brain network maturation in ADHD could shed light into the neural basis for this difference."		1																	[]	[]	[]
650bd0618adb2b3562b96417	Psychology_342_p	"<span id=""hover_text_paper"" data-toggle=""tooltip"" data-html=""true"" data-placement=""bottom"" title=""Context: When nap SWA was controlled for, the standardized regression coefficient for the relationship between ΔRecall nap and ΔRecall overnight was reduced from B = −0.488, (p = 0.029) to B = −0.364 (p = 0.182). These results support that the relationship between memory performance change across both the nap and overnight sleep bouts was fully mediated by nap SWA (Fig. 4) .""><b>Finding:</b></span> These results support that the relationship between memory performance change across both the nap and overnight sleep bouts was fully mediated by nap SWA (Fig."				2															[]	[]	[{'start': 582, 'end': 594, 'span': 'relationship', 'annotation': 'Correlation'}]
650bd0618adb2b3562b96417	Psychology_tweet_21_p	"<span id=""hover_text_paper"" data-toggle=""tooltip"" data-html=""true"" data-placement=""bottom"" title=""Context: Individuals who reported PEs had a 3.15-fold (95% CI, 2.23-4.45) increased odds of suicide attempt. Individuals who reported PEs had a 4.39-fold (95% CI, 1.63-11.78) increased odds of suicide death (Figure 2 ). The population-attributable fraction of PEs for suicidal ideation was 11.9%.""><b>Finding:</b></span> Individuals who reported PEs had a 4.39-fold (95% CI, 1.63-11.78) increased odds of suicide death (Figure 2 )."				2															[]	[]	[{'start': 535, 'end': 550, 'span': ' increased odds', 'annotation': 'Correlation'}]
650bd0618adb2b3562b96417	Psychology_342_r	"<span id=""hover_text_news"" data-toggle=""tooltip"" data-html=""true"" data-placement=""bottom"" title=""Context: To do this, they presented children ages approximately three to five years (34-64 months) with faces paired with mean or nice word descriptions, but they saw no significant main effects of emotional valence on recognition memory. Change in memory accuracy also did not differ when tested after a nap compared to the change in memory accuracy after an interval awake, they report. However, when memory was tested again following overnight sleep, the change in memory accuracy was greater if the child had napped the previous day.""><b>Finding:</b></span> Change in memory accuracy also did not differ when tested after a nap compared to the change in memory accuracy after an interval awake, they report."			4																[]	[{'start': 741, 'end': 755, 'span': 'did not differ', 'annotation': 'Explicit mentions of no relation'}]	[]
650bd0618adb2b3562b96417	test_question_testing_Causation	<b>Reported Finding:</b> Exposure to traffic noise at the office increases stress levels. This is a test question, please select Causation. Do not mark any words or phrases.	3																		[]	[]	[]
650bd0618adb2b3562b96417	Psychology_232_p	"<span id=""hover_text_paper"" data-toggle=""tooltip"" data-html=""true"" data-placement=""bottom"" title=""Context: Reassuringly, 6 out of 99 ASD diagnoses (97%) in children born 1990-1999 and recorded in the Danish Psychiatric Central Register, the source of psychiatric data in the National Patient Register, were confirmed upon medical chart review. and describe feelings, and our findings suggest that circumcision may somehow trigger the development of ASD in a small fraction of young boys. These findings obviously do not prove the suggested associations.""><b>Finding:</b></span> and describe feelings, and our findings suggest that circumcision may somehow trigger the development of ASD in a small fraction of young boys."	3																		[{'start': 707, 'end': 714, 'span': 'trigger', 'annotation': 'Causation'}]	[]	[]
650bd0618adb2b3562b96417	Psychology_tweet_21_r	"<span id=""hover_text_news"" data-toggle=""tooltip"" data-html=""true"" data-placement=""bottom"" title=""Context: Here’s our latest on psychotic experiences (PE) &amp;suicide.

Big pic: PE are clinically important! They predict ⬆️⬆️⬆️ risk of attempted &amp;completed suicide (beyond what’s explained by co-occurring mental illness).
#SystematicReview
@username 
 ""><b>Finding:</b></span> Here’s our latest on psychotic experiences (PE) &amp;suicide.

Big pic: PE are clinically important! They predict ⬆️⬆️⬆️ risk of attempted &amp;completed suicide (beyond what’s explained by co-occurring mental illness).
#SystematicReview
@username 
 "				2															[]	[]	[{'start': 545, 'end': 564, 'span': 'predict ⬆️⬆️⬆️ risk', 'annotation': 'Correlation'}]
650bd0618adb2b3562b96417	Experience.html	Experience					4					2			2						[]	[]	[]
650bd0618adb2b3562b96417	Psychology_232_r	"<span id=""hover_text_news"" data-toggle=""tooltip"" data-html=""true"" data-placement=""bottom"" title=""Context: The study's findings showed that, regardless of cultural background, circumcised boys may run a greater risk of developing ASD. The researchers noted they also made an unexpected observation of an increased risk of hyperactivity disorder among circumcised boys in non-Muslim families. While it is unacceptable today to circumcise boys without proper pain relief, there is no way to eliminate the pain completely, the researchers said, adding that some boys will endure a lot of pain.""><b>Finding:</b></span> The researchers noted they also made an unexpected observation of an increased risk of hyperactivity disorder among circumcised boys in non-Muslim families."				2															[]	[]	[{'start': 734, 'end': 751, 'span': 'increased risk of', 'annotation': 'Correlation'}]
650bd0618adb2b3562b96417	Consent.html	Consent															I have read and understood the instructions.:::Yes	I have read and understood the content warning.:::Yes	I want to participate in this research and continue with the study.:::Yes		[]	[]	[]
650bd0618adb2b3562b96417	Psychology_tweet_28_p	"<span id=""hover_text_paper"" data-toggle=""tooltip"" data-html=""true"" data-placement=""bottom"" title=""Context: Contrary to our expectations, standard DBT was not superior to either comparison condition for any suicide-related outcome, and no significant differences were detected between DBT-S and DBT-I. Thus, all 3 versions of DBT were comparably effective at reducing suicidality among individuals at high risk for suicide. In contrast, findings suggested that DBT interventions that included DBT skills training (standard DBT and DBT-S) were more effective in reducing NSSI acts and improving other mental health problems than a DBT intervention without skills training (DBT-I).""><b>Finding:</b></span> Thus, all 3 versions of DBT were comparably effective at reducing suicidality among individuals at high risk for suicide."			4																[]	[{'start': 787, 'end': 807, 'span': 'comparably effective', 'annotation': 'Explicit mentions of no relation'}]	[]
650bd0618adb2b3562b96417	Psychology_tweet_28_r	"<span id=""hover_text_news"" data-toggle=""tooltip"" data-html=""true"" data-placement=""bottom"" title=""Context: DBT for High Suicide Risk in Borderline Personality Disorder ""><b>Finding:</b></span> DBT for High Suicide Risk in Borderline Personality Disorder "		1																	[]	[]	[]
650bd0618adb2b3562b96417	Psychology_42_r	"<span id=""hover_text_news"" data-toggle=""tooltip"" data-html=""true"" data-placement=""bottom"" title=""Context: Mikko Myrskyla, professor of demography at LSE and Director of the Max Planck Institute for Demographic Research in Rostock, Germany, said: ""Our results show a temporary and transitory gain in parents' happiness around the birth of first and second children. ""The fact that parental happiness increases before these children are born suggests that we are capturing broader issues relating to childbearing such as couples forming partnerships and making plans for the future. ""The arrival of a third child is not associated with an increase in the parents' happiness, but this is not to suggest they are any less loved than their older siblings.""><b>Finding:</b></span> ""The fact that parental happiness increases before these children are born suggests that we are capturing broader issues relating to childbearing such as couples forming partnerships and making plans for the future."	3																		[{'start': 987, 'end': 997, 'span': ' increases', 'annotation': 'Causation'}]	[]	[]
650bd0618adb2b3562b96417	Causality Examples.html	Causality Examples																		I carefully went over the examples and the instructions.:::Yes	[]	[]	[]
650bd0618adb2b3562b96417	Psychology_141_p	"<span id=""hover_text_paper"" data-toggle=""tooltip"" data-html=""true"" data-placement=""bottom"" title=""Context: Our results provide strong initial evidence that these alterations arise from delays in typical maturational patterns. Our results invite further investigation into the neurobiological mechanisms in ADHD that produce delays in development of large-scale networks. We found significant and specific maturational lag in connections within default mode network (DMN) and in DMN interconnections with two task positive networks (TPNs): frontoparietal network and ventral attention network.""><b>Finding:</b></span> Our results invite further investigation into the neurobiological mechanisms in ADHD that produce delays in development of large-scale networks."				2															[{'start': 758, 'end': 765, 'span': 'produce', 'annotation': 'Causation'}]	[]	[]
610eb5c0e403b969c1efe69c	Causality Examples.html	Causality Examples																		I carefully went over the examples and the instructions.:::Yes	[]	[]	[]
610eb5c0e403b969c1efe69c	Consent.html	Consent															I have read and understood the instructions.:::Yes	I have read and understood the content warning.:::Yes	I want to participate in this research and continue with the study.:::Yes		[]	[]	[]
610eb5c0e403b969c1efe69c	test_question_testing_Correlation	<b>Reported Finding:</b> Exposure to traffic noise at the office increases stress levels. This is a test question, please select Correlation. Do not mark any words or phrases.				2															[]	[]	[]
60fefcb68c1d80e83e064a0d	Psychology_tweet_62_r	"<span id=""hover_text_news"" data-toggle=""tooltip"" data-html=""true"" data-placement=""bottom"" title=""Context: Written exposure therapy and cognitive processing therapy are effective for treatment of #PTSD; PTSD can be effectively treated with a 5-session #psychotherapy.  ""><b>Finding:</b></span> Written exposure therapy and cognitive processing therapy are effective for treatment of #PTSD; PTSD can be effectively treated with a 5-session #psychotherapy.  "	3																		[{'start': 402, 'end': 428, 'span': 'are effective for treatmen', 'annotation': 'Causation'}]	[]	[]
60fefcb68c1d80e83e064a0d	Psychology_28_p	"<span id=""hover_text_paper"" data-toggle=""tooltip"" data-html=""true"" data-placement=""bottom"" title=""Context: In Jiamusi City, 16,358 children were screened, with 10 autism cases being identified, with a mainstream prevalence of 19 per 10,000 (95% CI 10-38). Conclusions: Results from Jilin City, where both mainstream and special school data were available, revealed a similar prevalence of autism in China to the West, at around 1%. Results from Shenzhen and Jiamusi cities, where only mainstream data were available, prevalence is also in line with Western estimates.""><b>Finding:</b></span> Conclusions: Results from Jilin City, where both mainstream and special school data were available, revealed a similar prevalence of autism in China to the West, at around 1%."		1																	[]	[]	[]
60fefcb68c1d80e83e064a0d	Psychology_244_r	"<span id=""hover_text_news"" data-toggle=""tooltip"" data-html=""true"" data-placement=""bottom"" title=""Context: Change in memory accuracy also did not differ when tested after a nap compared to the change in memory accuracy after an interval awake, they report. However, when memory was tested again following overnight sleep, the change in memory accuracy was greater if the child had napped the previous day. Further, Spencer and colleagues report, greater nap slow wave activity was associated with greater memory decay during the nap.""><b>Finding:</b></span> However, when memory was tested again following overnight sleep, the change in memory accuracy was greater if the child had napped the previous day."	3																		[{'start': 677, 'end': 689, 'span': 'change in me', 'annotation': 'Causation'}, {'start': 689, 'end': 756, 'span': 'mory accuracy was greater if the child had napped the previous day.', 'annotation': 'Causation'}]	[]	[]
60fefcb68c1d80e83e064a0d	Consent.html	Consent															I have read and understood the instructions.:::Yes	I have read and understood the content warning.:::Yes	I want to participate in this research and continue with the study.:::Yes		[]	[]	[]
60fefcb68c1d80e83e064a0d	Psychology_244_p	"<span id=""hover_text_paper"" data-toggle=""tooltip"" data-html=""true"" data-placement=""bottom"" title=""Context: In that study, ΔRecall nap predicted ΔRecall overnight , suggesting an interaction of multiple sleep bouts on memory processing. Notably, here too with emotional memories, we found a significant association between ΔRecall nap and ΔRecall overnight such that declines in accuracy across the nap were associated with improvements across overnight sleep (B = −0.488, p = 0.029; 95% CI: [−1.294, −0.079]; Fig. We did not receive caregiver reports for 9 of the children.""><b>Finding:</b></span> Notably, here too with emotional memories, we found a significant association between ΔRecall nap and ΔRecall overnight such that declines in accuracy across the nap were associated with improvements across overnight sleep (B = −0.488, p = 0.029; 95% CI: [−1.294, −0.079]; Fig."				2															[]	[]	[{'start': 715, 'end': 734, 'span': 'association between', 'annotation': 'Correlation'}, {'start': 820, 'end': 831, 'span': 'associated ', 'annotation': 'Correlation'}]
60fefcb68c1d80e83e064a0d	Psychology_28_r	"<span id=""hover_text_news"" data-toggle=""tooltip"" data-html=""true"" data-placement=""bottom"" title=""Context: In all three cities, the researchers identified new cases of autism in mainstream schools, confirming that there is under-diagnosis of autism in China. ""Contrary to previous studies, we have shown that the prevalence of autism spectrum conditions in China is in line with that found in the West,"" said Dr Sophia Xiang Sun, who conducted this study as part of her PhD at Cambridge University and who is now based in the Star Kay Bridge Research Centre for Children with Autism in Xiamen, China. We have been able to use a standardized screening methodology, allowing us to compare the results with Western countries to show that autism occurs broadly at the same rate, irrespective of culture.""""><b>Finding:</b></span> ""Contrary to previous studies, we have shown that the prevalence of autism spectrum conditions in China is in line with that found in the West,"" said Dr Sophia Xiang Sun, who conducted this study as part of her PhD at Cambridge University and who is now based in the Star Kay Bridge Research Centre for Children with Autism in Xiamen, China."		1																	[]	[]	[]
60fefcb68c1d80e83e064a0d	Causality Examples.html	Causality Examples																		I carefully went over the examples and the instructions.:::Yes	[]	[]	[]
5d8aa1e3eab19600163d9ab7	Causality Examples.html	Causality Examples																		I carefully went over the examples and the instructions.:::Yes	[]	[]	[]
5d8aa1e3eab19600163d9ab7	Consent.html	Consent															I have read and understood the instructions.:::Yes	I have read and understood the content warning.:::Yes	I want to participate in this research and continue with the study.:::Yes		[]	[]	[]
